fileName,result,directory
00cddb96ac4c11e3a30212279ba1b65f_6.jpg,"[{'race': {'asian': 48.60097451221639, 'indian': 3.3620287015472297, 'black': 8.252256602317882, 'white': 6.001205712700571, 'middle eastern': 1.1265486890433656, 'latino hispanic': 32.65699239456563}, 'dominant_race': 'asian', 'region': {'x': 0, 'y': 0, 'w': 306, 'h': 306}, 'face_confidence': 0}]",
01cdd7aa1a1a11e2aaa822000a1fb0dd_6.jpg,"[{'race': {'asian': 1.3794745209499908, 'indian': 9.74554924640353, 'black': 0.44872013732612953, 'white': 39.25158913443024, 'middle eastern': 22.392307066458883, 'latino hispanic': 26.78236524953635}, 'dominant_race': 'white', 'region': {'x': 0, 'y': 0, 'w': 306, 'h': 306}, 'face_confidence': 0}]",
024696bead0c11e389d50ec42b3b1b1c_6.jpg,"[{'race': {'asian': 99.97560977790414, 'indian': 0.0027883586724218494, 'black': 2.492902699643079e-07, 'white': 0.0029642320389611184, 'middle eastern': 2.625507523563566e-07, 'latino hispanic': 0.018640709114731646}, 'dominant_race': 'asian', 'region': {'x': 32, 'y': 56, 'w': 163, 'h': 163}, 'face_confidence': 4.1904851602739654}]",
026df048221a11e2b52122000a1fa4b5_6.jpg,"[{'race': {'asian': 0.012489203072618693, 'indian': 1.0480554774403572, 'black': 93.5280442237854, 'white': 3.2536424696445465, 'middle eastern': 0.29360647313296795, 'latino hispanic': 1.8641604110598564}, 'dominant_race': 'black', 'region': {'x': 0, 'y': 0, 'w': 306, 'h': 306}, 'face_confidence': 0}]",
02b511eed26911e2851d22000a1fb71f_6.jpg,"[{'race': {'asian': 99.88565444946289, 'indian': 0.0001091342141990026, 'black': 2.5166562522827007e-05, 'white': 0.02717598108574748, 'middle eastern': 0.00032524208108952735, 'latino hispanic': 0.08671526447869837}, 'dominant_race': 'asian', 'region': {'x': 0, 'y': 0, 'w': 306, 'h': 306}, 'face_confidence': 0}]",
02ee8060b02f11e38fe012b1c8928cc9_6.jpg,"[{'race': {'asian': 1.5284525271114675, 'indian': 0.04297063930403271, 'black': 0.1835788148473126, 'white': 82.98526609119581, 'middle eastern': 10.673906871806755, 'latino hispanic': 4.585817282102432}, 'dominant_race': 'white', 'region': {'x': 0, 'y': 0, 'w': 306, 'h': 306}, 'face_confidence': 0}]",
0303318e48cc11e2970f22000a1fbcc2_6.jpg,"[{'race': {'asian': 2.1125125974401717, 'indian': 1.2257629475578131, 'black': 0.2454446568927578, 'white': 72.06840848107237, 'middle eastern': 19.733922811278962, 'latino hispanic': 4.61394210291599}, 'dominant_race': 'white', 'region': {'x': 0, 'y': 0, 'w': 306, 'h': 306}, 'face_confidence': 0}]",
032a49b6bffb11e3b9ca0002c9dbcd18_6.jpg,"[{'race': {'asian': 19.466550648212433, 'indian': 3.2211434096097946, 'black': 6.117590144276619, 'white': 42.28314459323883, 'middle eastern': 13.79319429397583, 'latino hispanic': 15.118373930454254}, 'dominant_race': 'white', 'region': {'x': 0, 'y': 0, 'w': 306, 'h': 306}, 'face_confidence': 0}]",
0345a4babff911e395860002c954a07e_6.jpg,"[{'race': {'asian': 2.9692867770791054, 'indian': 0.2371038543060422, 'black': 0.14051970792934299, 'white': 86.3162100315094, 'middle eastern': 6.612560898065567, 'latino hispanic': 3.7243198603391647}, 'dominant_race': 'white', 'region': {'x': 0, 'y': 0, 'w': 306, 'h': 306}, 'face_confidence': 0}]",
03d27058678811e394b70a1cf42a31d4_6.jpg,"[{'race': {'asian': 21.726317703723907, 'indian': 6.416121125221252, 'black': 20.829300582408905, 'white': 21.440546214580536, 'middle eastern': 7.5722284615039825, 'latino hispanic': 22.015483677387238}, 'dominant_race': 'latino hispanic', 'region': {'x': 0, 'y': 0, 'w': 306, 'h': 306}, 'face_confidence': 0}]",
044c14a2bff911e396ce0002c9de8044_6.jpg,"[{'race': {'asian': 0.0004097202025617873, 'indian': 0.0005193321467549609, 'black': 8.959308496202759e-06, 'white': 98.5828219999565, 'middle eastern': 0.5791771570847725, 'latino hispanic': 0.8370660744348809}, 'dominant_race': 'white', 'region': {'x': 53, 'y': 58, 'w': 132, 'h': 132}, 'face_confidence': 10.529624920280185}]",
049a7d4eaeb611e3ace012fd0faf6414_6.jpg,"[{'race': {'asian': 32.9682320356369, 'indian': 0.732317753136158, 'black': 0.8664741180837154, 'white': 51.99129581451416, 'middle eastern': 5.180692672729492, 'latino hispanic': 8.26098844408989}, 'dominant_race': 'white', 'region': {'x': 0, 'y': 0, 'w': 306, 'h': 306}, 'face_confidence': 0}]",
04ed1c2ebffb11e38f8c0002c9dced72_6.jpg,"[{'race': {'asian': 97.49938249588013, 'indian': 0.1458115642890334, 'black': 0.0019425055143074133, 'white': 1.8480703234672546, 'middle eastern': 0.23106334265321493, 'latino hispanic': 0.2737324684858322}, 'dominant_race': 'asian', 'region': {'x': 40, 'y': 36, 'w': 176, 'h': 176}, 'face_confidence': 8.713483110244852}]",
0598ce50b1f711e3bd391271df4caaa4_6.jpg,"[{'race': {'asian': 41.96203052997589, 'indian': 4.959830269217491, 'black': 1.901654526591301, 'white': 20.462247729301453, 'middle eastern': 10.714470595121384, 'latino hispanic': 19.99976933002472}, 'dominant_race': 'asian', 'region': {'x': 78, 'y': 105, 'w': 123, 'h': 123}, 'face_confidence': 4.996952074521687}]",
05b81dfec0d011e386200002c9dc8af0_6.jpg,"[{'race': {'asian': 27.71175072859232, 'indian': 0.7140377030693116, 'black': 0.1233621108300752, 'white': 50.44555964741466, 'middle eastern': 11.618240125074394, 'latino hispanic': 9.387052618685521}, 'dominant_race': 'white', 'region': {'x': 0, 'y': 0, 'w': 306, 'h': 306}, 'face_confidence': 0}]",
05db7b34b9aa11e1a9f71231382044a1_6.jpg,"[{'race': {'asian': 52.79916524887085, 'indian': 0.023054260236676782, 'black': 0.012194876035209745, 'white': 41.25744104385376, 'middle eastern': 1.9035115838050842, 'latino hispanic': 4.0046390146017075}, 'dominant_race': 'asian', 'region': {'x': 104, 'y': 131, 'w': 116, 'h': 116}, 'face_confidence': 2.8002381491824053}]",
061897ee69b811e2896422000a1fb003_6.jpg,"[{'race': {'asian': 0.3756527314351637, 'indian': 5.086583574806665, 'black': 4.625319220144703, 'white': 33.20346076509123, 'middle eastern': 42.66023890139096, 'latino hispanic': 14.048742595240032}, 'dominant_race': 'middle eastern', 'region': {'x': 0, 'y': 0, 'w': 306, 'h': 306}, 'face_confidence': 0}]",
06c71a9ead0011e3879b129cfeadffe8_6.jpg,"[{'race': {'asian': 85.56663566033416, 'indian': 0.15322468745265155, 'black': 0.055167759245752186, 'white': 11.345119912014018, 'middle eastern': 0.6205928703435813, 'latino hispanic': 2.259248784572031}, 'dominant_race': 'asian', 'region': {'x': 45, 'y': 72, 'w': 207, 'h': 207}, 'face_confidence': 6.635819028073456}]",
06eade16a91311e3910112bbf73ae200_6.jpg,"[{'race': {'asian': 0.014821352098199105, 'indian': 0.0034483078943488236, 'black': 0.00016910718030213335, 'white': 97.26720436019923, 'middle eastern': 0.9278609970427154, 'latino hispanic': 1.7864971555171703}, 'dominant_race': 'white', 'region': {'x': 73, 'y': 65, 'w': 141, 'h': 141}, 'face_confidence': 8.165607084578369}]",
07e0f2f2ae0d11e3a3831276c6841a0e_6.jpg,"[{'race': {'asian': 1.7176389694213867, 'indian': 1.7887618392705917, 'black': 0.4883037880063057, 'white': 42.79702603816986, 'middle eastern': 11.39213740825653, 'latino hispanic': 41.81613028049469}, 'dominant_race': 'white', 'region': {'x': 102, 'y': 35, 'w': 108, 'h': 108}, 'face_confidence': 6.179915027809329}]",
07f71a82232111e29ade22000a1f9bd0_6.jpg,"[{'race': {'asian': 1.03358905762434, 'indian': 2.504138834774494, 'black': 0.3005274571478367, 'white': 54.174816608428955, 'middle eastern': 17.109857499599457, 'latino hispanic': 24.877069890499115}, 'dominant_race': 'white', 'region': {'x': 95, 'y': 34, 'w': 159, 'h': 159}, 'face_confidence': 2.53277714404976}]",
08789b680ef111e39dc922000a1fbb59_6.jpg,"[{'race': {'asian': 1.5168202109634876, 'indian': 0.7130537182092667, 'black': 0.11359965428709984, 'white': 68.94923448562622, 'middle eastern': 10.441842675209045, 'latino hispanic': 18.2654470205307}, 'dominant_race': 'white', 'region': {'x': 69, 'y': 50, 'w': 141, 'h': 141}, 'face_confidence': 4.130538135010283}]",
0911f832bffc11e38cea0002c9bef49e_6.jpg,"[{'race': {'asian': 4.488764168171386, 'indian': 4.111346112329231, 'black': 4.508632256551712, 'white': 47.59381144120557, 'middle eastern': 22.639751715689695, 'latino hispanic': 16.657693188465455}, 'dominant_race': 'white', 'region': {'x': 8, 'y': 37, 'w': 70, 'h': 70}, 'face_confidence': 3.477245055779349}]",
09c32e5ca83911e3a5ea0a7cffb7c5e1_6.jpg,"[{'race': {'asian': 11.240641922874222, 'indian': 5.466380063726894, 'black': 5.243784309174501, 'white': 36.39782829310557, 'middle eastern': 19.78917780051496, 'latino hispanic': 21.862179414966175}, 'dominant_race': 'white', 'region': {'x': 0, 'y': 0, 'w': 306, 'h': 306}, 'face_confidence': 0}]",
09c515c4ad0611e3ae221212d5b5af4c_6.jpg,"[{'race': {'asian': 0.0289571238681674, 'indian': 11.675392091274261, 'black': 0.05987025797367096, 'white': 8.110351860523224, 'middle eastern': 73.61075282096863, 'latino hispanic': 6.51467889547348}, 'dominant_race': 'middle eastern', 'region': {'x': 45, 'y': 69, 'w': 208, 'h': 208}, 'face_confidence': 5.3273840336478315}]",
09cf370a997b11e38a690ed861720702_6.jpg,"[{'race': {'asian': 8.377420902252197, 'indian': 12.16905415058136, 'black': 2.1181080490350723, 'white': 17.856688797473907, 'middle eastern': 38.60664665699005, 'latino hispanic': 20.87208330631256}, 'dominant_race': 'middle eastern', 'region': {'x': 27, 'y': 51, 'w': 191, 'h': 191}, 'face_confidence': 6.752014975936618}]",
0a164a9cb82011e2982f22000a9f3c23_6.jpg,"[{'race': {'asian': 0.9964526374396518, 'indian': 7.50272259083717, 'black': 0.6416287439610071, 'white': 28.97725057873123, 'middle eastern': 41.64639512939511, 'latino hispanic': 20.23554650121373}, 'dominant_race': 'middle eastern', 'region': {'x': 63, 'y': 7, 'w': 89, 'h': 89}, 'face_confidence': 3.442823189892806}]",
0a7c576672f111e29f1422000a1fbc0e_6.jpg,"[{'race': {'asian': 3.80803644657135, 'indian': 1.4586388133466244, 'black': 0.3651609877124429, 'white': 66.35714173316956, 'middle eastern': 9.592029452323914, 'latino hispanic': 18.418996036052704}, 'dominant_race': 'white', 'region': {'x': 0, 'y': 0, 'w': 306, 'h': 306}, 'face_confidence': 0}]",
0a80403abd8b11e2bccd22000ae91234_6.jpg,"[{'race': {'asian': 0.038933250471018255, 'indian': 4.935026913881302, 'black': 0.07148250588215888, 'white': 12.505465745925903, 'middle eastern': 69.55588459968567, 'latino hispanic': 12.893202900886536}, 'dominant_race': 'middle eastern', 'region': {'x': 101, 'y': 35, 'w': 136, 'h': 136}, 'face_confidence': 7.042511028179433}]",
0afcab66332e11e3926322000aaa0aa5_6.jpg,"[{'race': {'asian': 0.01939047767407314, 'indian': 0.023726848262379214, 'black': 0.000192121308455955, 'white': 93.90888773851917, 'middle eastern': 2.3137036227407233, 'latino hispanic': 3.7340974798260618}, 'dominant_race': 'white', 'region': {'x': 69, 'y': 38, 'w': 199, 'h': 199}, 'face_confidence': 2.0236559102195315}]",
0b3b3e5aac3011e3b691128442c788aa_6.jpg,"[{'race': {'asian': 0.10873577041466656, 'indian': 0.4018208251488701, 'black': 0.006886419988685175, 'white': 74.83784406410719, 'middle eastern': 16.860940567311083, 'latino hispanic': 7.783773260341481}, 'dominant_race': 'white', 'region': {'x': 0, 'y': 0, 'w': 306, 'h': 306}, 'face_confidence': 0}]",
0c293e5cb3c911e3abd212eddce84025_6.jpg,"[{'race': {'asian': 91.5506362915039, 'indian': 0.8717330172657967, 'black': 0.07675362867303193, 'white': 0.5472561810165644, 'middle eastern': 0.05603955942206085, 'latino hispanic': 6.897583603858948}, 'dominant_race': 'asian', 'region': {'x': 73, 'y': 34, 'w': 136, 'h': 136}, 'face_confidence': 6.796095012628939}]",
0c5abda8a6f711e3aedb125d9a40ea40_6.jpg,"[{'race': {'asian': 17.40007802248466, 'indian': 17.35149576374863, 'black': 10.88503217011882, 'white': 14.71249399855697, 'middle eastern': 16.779092954343138, 'latino hispanic': 22.871811561096404}, 'dominant_race': 'latino hispanic', 'region': {'x': 111, 'y': 61, 'w': 114, 'h': 114}, 'face_confidence': 4.674527948198374}]",
0ce4ee9abe1911e386f10002c955f0ae_6.jpg,"[{'race': {'asian': 0.1793773718924744, 'indian': 0.008783726457886857, 'black': 0.000705062662934312, 'white': 95.79004620254315, 'middle eastern': 1.4160320075471406, 'latino hispanic': 2.605057849291435}, 'dominant_race': 'white', 'region': {'x': 59, 'y': 73, 'w': 168, 'h': 168}, 'face_confidence': 5.853976166981738}]",
0dabcf40c0e611e388890002c9ce57aa_6.jpg,"[{'race': {'asian': 0.2846513409167528, 'indian': 1.1610030196607113, 'black': 0.09872649097815156, 'white': 56.867945194244385, 'middle eastern': 26.3541579246521, 'latino hispanic': 15.233513712882996}, 'dominant_race': 'white', 'region': {'x': 107, 'y': 17, 'w': 89, 'h': 89}, 'face_confidence': 5.459019133297261}]",
0deb3814d0ec11e29b6422000aa80460_6.jpg,"[{'race': {'asian': 0.9708802215754986, 'indian': 1.9792040809988976, 'black': 0.26222984306514263, 'white': 50.95169544219971, 'middle eastern': 32.39659667015076, 'latino hispanic': 13.439399003982544}, 'dominant_race': 'white', 'region': {'x': 0, 'y': 0, 'w': 306, 'h': 306}, 'face_confidence': 0}]",
0ea69de8aaf811e39e3d1241a3f957e9_6.jpg,"[{'race': {'asian': 1.106450892984867, 'indian': 0.31891046091914177, 'black': 0.019163682009093463, 'white': 83.4759771823883, 'middle eastern': 11.757199466228485, 'latino hispanic': 3.3223025500774384}, 'dominant_race': 'white', 'region': {'x': 213, 'y': 60, 'w': 56, 'h': 56}, 'face_confidence': 2.5477640760946088}]",
0efa0f44f7b311e287c922000aeb0d21_6.jpg,"[{'race': {'asian': 10.57984009385109, 'indian': 3.890424221754074, 'black': 0.9306778199970722, 'white': 45.615509152412415, 'middle eastern': 24.777214229106903, 'latino hispanic': 14.206337928771973}, 'dominant_race': 'white', 'region': {'x': 0, 'y': 0, 'w': 306, 'h': 306}, 'face_confidence': 0}]",
0f04c5c2bffb11e39f0b0002c9d07a7c_6.jpg,"[{'race': {'asian': 9.73990336060524, 'indian': 13.051517307758331, 'black': 13.009776175022125, 'white': 20.97425013780594, 'middle eastern': 21.936777234077454, 'latino hispanic': 21.287773549556732}, 'dominant_race': 'middle eastern', 'region': {'x': 0, 'y': 0, 'w': 306, 'h': 306}, 'face_confidence': 0}]",
0f330b14ad3e11e3ade30e574d92f38f_6.jpg,"[{'race': {'asian': 37.454044818878174, 'indian': 1.5496649779379368, 'black': 0.8543731644749641, 'white': 44.724154472351074, 'middle eastern': 5.078774690628052, 'latino hispanic': 10.33899337053299}, 'dominant_race': 'white', 'region': {'x': 0, 'y': 0, 'w': 306, 'h': 306}, 'face_confidence': 0}]",
0f635414f5a011e2b05d22000a1f9375_6.jpg,"[{'race': {'asian': 1.4913937076926231, 'indian': 4.40593920648098, 'black': 0.8302425965666771, 'white': 36.605530977249146, 'middle eastern': 32.65235722064972, 'latino hispanic': 24.014538526535034}, 'dominant_race': 'white', 'region': {'x': 90, 'y': 43, 'w': 179, 'h': 179}, 'face_confidence': 4.1412550985696726}]",
924318_1439793766265467_269240221_a.jpg,"[{'race': {'asian': 1.9907951354980469, 'indian': 17.543546855449677, 'black': 0.5675168707966805, 'white': 13.372603058815002, 'middle eastern': 39.09297585487366, 'latino hispanic': 27.432560920715332}, 'dominant_race': 'middle eastern', 'region': {'x': 27, 'y': 49, 'w': 176, 'h': 176}, 'face_confidence': 8.68741115333978}]",
924318_693698524013958_951561394_a.jpg,"[{'race': {'asian': 58.30889940261841, 'indian': 10.601130872964859, 'black': 2.443653903901577, 'white': 3.2970551401376724, 'middle eastern': 0.7637001574039459, 'latino hispanic': 24.58556294441223}, 'dominant_race': 'asian', 'region': {'x': 79, 'y': 49, 'w': 183, 'h': 183}, 'face_confidence': 3.5864951749681495}]",
924318_827990080549131_187606239_a.jpg,"[{'race': {'asian': 0.3392149896451825, 'indian': 0.06968711219725682, 'black': 98.17103136605212, 'white': 0.34056454598543323, 'middle eastern': 0.15975851353681167, 'latino hispanic': 0.9197483387439452}, 'dominant_race': 'black', 'region': {'x': 0, 'y': 0, 'w': 306, 'h': 306}, 'face_confidence': 0}]",
924319_1411781955755812_2054436094_a.jpg,"[{'race': {'asian': 0.0010727657354436815, 'indian': 0.7314728107303381, 'black': 0.0025248555175494403, 'white': 44.46469247341156, 'middle eastern': 51.95838212966919, 'latino hispanic': 2.8418514877557755}, 'dominant_race': 'middle eastern', 'region': {'x': 126, 'y': 46, 'w': 59, 'h': 59}, 'face_confidence': 8.89228802564321}]",
924319_1429669853947940_1864283633_a.jpg,"[{'race': {'asian': 19.73353773355484, 'indian': 13.378749787807465, 'black': 1.8047809600830078, 'white': 21.708068251609802, 'middle eastern': 18.248453736305237, 'latino hispanic': 25.12640953063965}, 'dominant_race': 'latino hispanic', 'region': {'x': 0, 'y': 0, 'w': 306, 'h': 306}, 'face_confidence': 0}]",
924319_1455776684657540_1903027662_a.jpg,"[{'race': {'asian': 15.22411496782988, 'indian': 4.760305122155256, 'black': 2.3193917688364847, 'white': 43.16255707517607, 'middle eastern': 12.794902193242443, 'latino hispanic': 21.738731666727762}, 'dominant_race': 'white', 'region': {'x': 0, 'y': 0, 'w': 306, 'h': 306}, 'face_confidence': 0}]",
924319_225555080975698_2004438046_a.jpg,"[{'race': {'asian': 3.144552558660507, 'indian': 3.658309206366539, 'black': 1.0386645793914795, 'white': 40.82004725933075, 'middle eastern': 19.434385001659393, 'latino hispanic': 31.904038786888123}, 'dominant_race': 'white', 'region': {'x': 120, 'y': 30, 'w': 89, 'h': 89}, 'face_confidence': 9.17639609699836}]",
924319_230444623819387_1419749527_a.jpg,"[{'race': {'asian': 1.452064035333876, 'indian': 1.0160177294633066, 'black': 0.3073612128777758, 'white': 78.6777172896525, 'middle eastern': 10.368707521999779, 'latino hispanic': 8.178130767122598}, 'dominant_race': 'white', 'region': {'x': 0, 'y': 0, 'w': 306, 'h': 306}, 'face_confidence': 0}]",
924319_235834246619239_440954173_a.jpg,"[{'race': {'asian': 86.83736324310303, 'indian': 0.004872894714935683, 'black': 0.002040150502580218, 'white': 10.308501869440079, 'middle eastern': 0.06565654184669256, 'latino hispanic': 2.7815667912364006}, 'dominant_race': 'asian', 'region': {'x': 0, 'y': 0, 'w': 306, 'h': 306}, 'face_confidence': 0}]",
924319_313229628824044_501348462_a.jpg,"[{'race': {'asian': 7.433795183897018, 'indian': 0.30562898609787226, 'black': 0.31794540118426085, 'white': 75.33081769943237, 'middle eastern': 3.8923125714063644, 'latino hispanic': 12.719503045082092}, 'dominant_race': 'white', 'region': {'x': 0, 'y': 0, 'w': 306, 'h': 306}, 'face_confidence': 0}]",
924319_592681537494843_2039700997_a.jpg,"[{'race': {'asian': 73.37259371607378, 'indian': 2.9960069959155327, 'black': 0.9236009621797845, 'white': 5.818856186407067, 'middle eastern': 1.302992769719032, 'latino hispanic': 15.58594219852183}, 'dominant_race': 'asian', 'region': {'x': 151, 'y': 53, 'w': 85, 'h': 85}, 'face_confidence': 4.868179137469269}]",
924319_725083060847160_2103581504_a.jpg,"[{'race': {'asian': 70.40070714954777, 'indian': 1.8214785648273566, 'black': 0.40985120109326845, 'white': 11.671978185890804, 'middle eastern': 1.349565280948, 'latino hispanic': 14.34642162003646}, 'dominant_race': 'asian', 'region': {'x': 22, 'y': 38, 'w': 183, 'h': 183}, 'face_confidence': 2.6479980602744035}]",
924320_1411735912425276_2066883257_a.jpg,"[{'race': {'asian': 3.895388545060996e-06, 'indian': 1.1710782388263397e-05, 'black': 2.3240769309040843e-07, 'white': 99.83810186386108, 'middle eastern': 0.07465019589290023, 'latino hispanic': 0.08723344071768224}, 'dominant_race': 'white', 'region': {'x': 0, 'y': 0, 'w': 306, 'h': 306}, 'face_confidence': 0}]",
924320_1437021903211772_1087653536_a.jpg,"[{'race': {'asian': 2.005903169864605, 'indian': 4.05999632537343, 'black': 0.47712263701096996, 'white': 45.73869083754366, 'middle eastern': 24.450013008714496, 'latino hispanic': 23.268277839915623}, 'dominant_race': 'white', 'region': {'x': 31, 'y': 58, 'w': 118, 'h': 118}, 'face_confidence': 3.7584971424075775}]",
924320_1438701766376231_2035809201_a.jpg,"[{'race': {'asian': 2.0810016739965485, 'indian': 0.000725499010101251, 'black': 4.088124642675517e-05, 'white': 97.46810778785394, 'middle eastern': 0.21597141290285665, 'latino hispanic': 0.23415199479621618}, 'dominant_race': 'white', 'region': {'x': 0, 'y': 0, 'w': 306, 'h': 306}, 'face_confidence': 0}]",
924320_233645073491730_1229415569_a.jpg,"[{'race': {'asian': 20.82839608192444, 'indian': 0.12462248560041189, 'black': 0.03307883162051439, 'white': 70.21888494491577, 'middle eastern': 3.400532901287079, 'latino hispanic': 5.394481867551804}, 'dominant_race': 'white', 'region': {'x': 0, 'y': 0, 'w': 306, 'h': 306}, 'face_confidence': 0}]",
924320_234192720115173_60857966_a.jpg,"[{'race': {'asian': 0.8959954604506493, 'indian': 7.842022925615311, 'black': 0.3344068303704262, 'white': 24.66890513896942, 'middle eastern': 46.013909578323364, 'latino hispanic': 20.244765281677246}, 'dominant_race': 'middle eastern', 'region': {'x': 57, 'y': 44, 'w': 99, 'h': 99}, 'face_confidence': 2.6104220996494405}]",
924320_434765516660047_2057602615_a.jpg,"[{'race': {'asian': 13.931958377361298, 'indian': 6.767332553863525, 'black': 7.934249937534332, 'white': 30.467480421066284, 'middle eastern': 17.70952343940735, 'latino hispanic': 23.189452290534973}, 'dominant_race': 'white', 'region': {'x': 0, 'y': 0, 'w': 306, 'h': 306}, 'face_confidence': 0}]",
924320_434889686655803_652392806_a.jpg,"[{'race': {'asian': 0.07900266791693866, 'indian': 1.6338333352905465e-05, 'black': 2.3163273965565168e-06, 'white': 99.88487958908081, 'middle eastern': 0.01499778445577249, 'latino hispanic': 0.021103704057168216}, 'dominant_race': 'white', 'region': {'x': 0, 'y': 0, 'w': 306, 'h': 306}, 'face_confidence': 0}]",
924320_450230608442811_1888413643_a.jpg,"[{'race': {'asian': 6.475573059984811, 'indian': 0.24947345436793023, 'black': 0.3816337546791142, 'white': 84.06972099181664, 'middle eastern': 2.815111503316343, 'latino hispanic': 6.008490146218556}, 'dominant_race': 'white', 'region': {'x': 0, 'y': 0, 'w': 306, 'h': 306}, 'face_confidence': 0}]",
924320_486106391515379_1859184653_a.jpg,"[{'race': {'asian': 0.0005119866578330017, 'indian': 0.005525201742875308, 'black': 2.5736237431965543e-05, 'white': 95.2244278922336, 'middle eastern': 3.6654437282945946, 'latino hispanic': 1.1040671455304114}, 'dominant_race': 'white', 'region': {'x': 69, 'y': 54, 'w': 155, 'h': 155}, 'face_confidence': 7.620321086025797}]",
924320_531878216928635_312653468_a.jpg,"[{'race': {'asian': 10.703102713453447, 'indian': 0.4088436697311795, 'black': 0.09619099454726343, 'white': 69.56788664246957, 'middle eastern': 7.397457820480129, 'latino hispanic': 11.826511552749688}, 'dominant_race': 'white', 'region': {'x': 5, 'y': 77, 'w': 186, 'h': 186}, 'face_confidence': 6.320775076397695}]",
924320_655481717834514_1507940372_a.jpg,"[{'race': {'asian': 7.64226334002773, 'indian': 2.545152535456721, 'black': 0.3267939126394883, 'white': 54.6130364671989, 'middle eastern': 29.671001991153002, 'latino hispanic': 5.201760554523534}, 'dominant_race': 'white', 'region': {'x': 0, 'y': 0, 'w': 306, 'h': 306}, 'face_confidence': 0}]",
924320_687142471332121_649277878_a.jpg,"[{'race': {'asian': 0.06765095167793334, 'indian': 0.06065394845791161, 'black': 0.002581748594820965, 'white': 87.31129169464111, 'middle eastern': 4.615059494972229, 'latino hispanic': 7.942760735750198}, 'dominant_race': 'white', 'region': {'x': 74, 'y': 75, 'w': 169, 'h': 169}, 'face_confidence': 6.809603075380437}]",
924320_741403415882187_501753531_a.jpg,"[{'race': {'asian': 0.1523667764822511, 'indian': 0.01991860389282806, 'black': 0.001122426104194679, 'white': 93.73595789242293, 'middle eastern': 2.2211988602639603, 'latino hispanic': 3.8694358474688713}, 'dominant_race': 'white', 'region': {'x': 60, 'y': 47, 'w': 160, 'h': 160}, 'face_confidence': 8.206871183938347}]",
924320_803883392959584_1403517552_a.jpg,"[{'race': {'asian': 0.5464490828781773, 'indian': 0.81848944759306, 'black': 0.027419645809435594, 'white': 65.66579137240596, 'middle eastern': 20.403572643016137, 'latino hispanic': 12.538278850214413}, 'dominant_race': 'white', 'region': {'x': 125, 'y': 20, 'w': 65, 'h': 65}, 'face_confidence': 9.614439152064733}]",
924321_1436360583277811_903343882_a.jpg,"[{'race': {'asian': 0.019723747111689127, 'indian': 93.16537339480956, 'black': 6.3261318997223315, 'white': 0.016528191448007015, 'middle eastern': 0.007928452141276502, 'latino hispanic': 0.46431462254015343}, 'dominant_race': 'indian', 'region': {'x': 0, 'y': 0, 'w': 306, 'h': 306}, 'face_confidence': 0}]",
924321_1474067849476578_274388878_a.jpg,"[{'race': {'asian': 5.930589492952198, 'indian': 1.4026587733721, 'black': 0.1734691775422798, 'white': 52.88884954982099, 'middle eastern': 34.52258613840259, 'latino hispanic': 5.081849848142257}, 'dominant_race': 'white', 'region': {'x': 0, 'y': 0, 'w': 306, 'h': 306}, 'face_confidence': 0}]",
924321_236505476540838_1227064366_a.jpg,"[{'race': {'asian': 7.576886564493179, 'indian': 17.330028116703033, 'black': 16.303087770938873, 'white': 12.143948674201965, 'middle eastern': 17.229600250720978, 'latino hispanic': 29.41644787788391}, 'dominant_race': 'latino hispanic', 'region': {'x': 0, 'y': 0, 'w': 306, 'h': 306}, 'face_confidence': 0}]",
924321_262269320619878_588452004_a.jpg,"[{'race': {'asian': 0.0015730904067931025, 'indian': 0.009795399379161074, 'black': 3.676323518117828e-05, 'white': 95.0603252577394, 'middle eastern': 2.8722409460257357, 'latino hispanic': 2.0560267724362884}, 'dominant_race': 'white', 'region': {'x': 52, 'y': 11, 'w': 148, 'h': 148}, 'face_confidence': 6.884427044715267}]",
924321_283615701807547_453114531_a.jpg,"[{'race': {'asian': 58.770716190338135, 'indian': 3.556954860687256, 'black': 0.865725614130497, 'white': 20.458677411079407, 'middle eastern': 6.581046432256699, 'latino hispanic': 9.766874462366104}, 'dominant_race': 'asian', 'region': {'x': 38, 'y': 61, 'w': 172, 'h': 172}, 'face_confidence': 8.447308135626372}]",
924321_628373683921996_1621253671_a.jpg,"[{'race': {'asian': 1.5469995327293873, 'indian': 9.511597454547882, 'black': 0.6597104482352734, 'white': 23.40579628944397, 'middle eastern': 36.1175537109375, 'latino hispanic': 28.758344054222107}, 'dominant_race': 'middle eastern', 'region': {'x': 73, 'y': 61, 'w': 176, 'h': 176}, 'face_confidence': 9.476710153161548}]",
924322_1466865756875700_122981101_a.jpg,"[{'race': {'asian': 99.97279643850305, 'indian': 0.0034624741846680154, 'black': 2.4918084371194324e-05, 'white': 0.00022019227292778014, 'middle eastern': 2.864737729035211e-07, 'latino hispanic': 0.023494692813754398}, 'dominant_race': 'asian', 'region': {'x': 76, 'y': 22, 'w': 190, 'h': 190}, 'face_confidence': 4.383596880768891}]",
924322_292867884212397_1868413399_a.jpg,"[{'race': {'asian': 48.47477990689517, 'indian': 3.8575134298189364, 'black': 2.8744837567825607, 'white': 18.842863280431832, 'middle eastern': 7.847448993033291, 'latino hispanic': 18.102910446773713}, 'dominant_race': 'asian', 'region': {'x': 109, 'y': 61, 'w': 114, 'h': 114}, 'face_confidence': 7.5481999483308755}]",
924322_550399521746423_1503499933_a.jpg,"[{'race': {'asian': 2.8712500189244725, 'indian': 1.8336675476476287e-10, 'black': 0.03229298360319631, 'white': 97.07900916588197, 'middle eastern': 0.00010062697066188931, 'latino hispanic': 0.01734049813162185}, 'dominant_race': 'white', 'region': {'x': 0, 'y': 0, 'w': 306, 'h': 306}, 'face_confidence': 0}]",
924322_600597246704993_1134166440_a.jpg,"[{'race': {'asian': 0.023090890317689627, 'indian': 0.0026498728402657434, 'black': 1.105563924852504e-05, 'white': 97.79518842697144, 'middle eastern': 1.5037908218801022, 'latino hispanic': 0.6752724293619394}, 'dominant_race': 'white', 'region': {'x': 0, 'y': 0, 'w': 306, 'h': 306}, 'face_confidence': 0}]",
924322_619930051430013_1886884453_a.jpg,"[{'race': {'asian': 0.5643012726394805, 'indian': 0.2933322335160096, 'black': 0.021967105859155255, 'white': 92.53327935537347, 'middle eastern': 3.9820845148462634, 'latino hispanic': 2.6050286987389684}, 'dominant_race': 'white', 'region': {'x': 0, 'y': 0, 'w': 306, 'h': 306}, 'face_confidence': 0}]",
924322_707112866005481_1076223803_a.jpg,"[{'race': {'asian': 0.8363293549513048, 'indian': 1.0118605843914252, 'black': 0.04806727220081802, 'white': 45.60304529703203, 'middle eastern': 16.16894646512824, 'latino hispanic': 36.33175627371744}, 'dominant_race': 'white', 'region': {'x': 0, 'y': 0, 'w': 306, 'h': 306}, 'face_confidence': 0}]",
924322_794082103942832_475234671_a.jpg,"[{'race': {'asian': 87.51167058944702, 'indian': 0.9712984785437584, 'black': 0.08297832682728767, 'white': 2.4701185524463654, 'middle eastern': 0.19143876852467656, 'latino hispanic': 8.7724968791008}, 'dominant_race': 'asian', 'region': {'x': 67, 'y': 53, 'w': 155, 'h': 155}, 'face_confidence': 6.428261043212842}]",
924323_1382959641985261_1057797265_a.jpg,"[{'race': {'asian': 23.52968007326126, 'indian': 2.0682943984866142, 'black': 0.45795864425599575, 'white': 50.9324848651886, 'middle eastern': 13.269871473312378, 'latino hispanic': 9.741709381341934}, 'dominant_race': 'white', 'region': {'x': 0, 'y': 0, 'w': 306, 'h': 306}, 'face_confidence': 0}]",
924323_1423880877865300_690199827_a.jpg,"[{'race': {'asian': 0.2514697378501296, 'indian': 0.03680906957015395, 'black': 0.00633822419331409, 'white': 94.84398365020752, 'middle eastern': 2.3847436532378197, 'latino hispanic': 2.4766530841588974}, 'dominant_race': 'white', 'region': {'x': 0, 'y': 0, 'w': 306, 'h': 306}, 'face_confidence': 0}]",
924323_1469939913236915_752523362_a.jpg,"[{'race': {'asian': 1.6663946211338043, 'indian': 22.324778139591217, 'black': 1.2480992823839188, 'white': 17.38058775663376, 'middle eastern': 31.604057550430298, 'latino hispanic': 25.776082277297974}, 'dominant_race': 'middle eastern', 'region': {'x': 0, 'y': 0, 'w': 306, 'h': 306}, 'face_confidence': 0}]",
924323_1472882052941284_75490325_a.jpg,"[{'race': {'asian': 10.093502700328827, 'indian': 0.8629017509520054, 'black': 0.6430116016417742, 'white': 74.02751445770264, 'middle eastern': 7.380060851573944, 'latino hispanic': 6.993007659912109}, 'dominant_race': 'white', 'region': {'x': 0, 'y': 0, 'w': 306, 'h': 306}, 'face_confidence': 0}]",
924323_1492110531011228_159284620_a.jpg,"[{'race': {'asian': 4.055579117605581, 'indian': 4.942689307652629, 'black': 0.6138234665332397, 'white': 38.1613061620362, 'middle eastern': 26.264190824531415, 'latino hispanic': 25.962418432524018}, 'dominant_race': 'white', 'region': {'x': 73, 'y': 3, 'w': 152, 'h': 152}, 'face_confidence': 5.7929589745472185}]",
924323_210443865831723_195998287_a.jpg,"[{'race': {'asian': 43.329317172847134, 'indian': 1.7141138954026824, 'black': 1.1166926073500385, 'white': 28.538468058291905, 'middle eastern': 8.96047917479525, 'latino hispanic': 16.340924341568428}, 'dominant_race': 'asian', 'region': {'x': 0, 'y': 0, 'w': 306, 'h': 306}, 'face_confidence': 0}]",
924323_228530337343469_38904752_a.jpg,"[{'race': {'asian': 5.302585661411285, 'indian': 0.9238525293767452, 'black': 0.32663499005138874, 'white': 62.46691942214966, 'middle eastern': 10.176678001880646, 'latino hispanic': 20.803333818912506}, 'dominant_race': 'white', 'region': {'x': 69, 'y': 34, 'w': 167, 'h': 167}, 'face_confidence': 5.682163030083757}]",
924323_276918425810715_1962566887_a.jpg,"[{'race': {'asian': 0.07348658400587738, 'indian': 0.8931547403335571, 'black': 0.0035948771255789325, 'white': 42.343148589134216, 'middle eastern': 16.134746372699738, 'latino hispanic': 40.55187106132507}, 'dominant_race': 'white', 'region': {'x': 0, 'y': 0, 'w': 306, 'h': 306}, 'face_confidence': 0}]",
924323_388055454667976_970255712_a.jpg,"[{'race': {'asian': 1.623467169702053, 'indian': 1.3093596324324608, 'black': 91.48273468017578, 'white': 3.5010721534490585, 'middle eastern': 0.41769081726670265, 'latino hispanic': 1.6656732186675072}, 'dominant_race': 'black', 'region': {'x': 0, 'y': 0, 'w': 306, 'h': 306}, 'face_confidence': 0}]",
924323_389578257847829_1554133502_a.jpg,"[{'race': {'asian': 0.0004060424089402659, 'indian': 0.7537091616541147, 'black': 0.0003673265382531099, 'white': 9.39052551984787, 'middle eastern': 86.26333475112915, 'latino hispanic': 3.591657429933548}, 'dominant_race': 'middle eastern', 'region': {'x': 108, 'y': 46, 'w': 169, 'h': 169}, 'face_confidence': 4.647695054707583}]",
924323_542209932563439_557416871_a.jpg,"[{'race': {'asian': 4.220796376466751, 'indian': 3.9142340421676636, 'black': 0.9246573783457279, 'white': 41.24804437160492, 'middle eastern': 20.652416348457336, 'latino hispanic': 29.03984785079956}, 'dominant_race': 'white', 'region': {'x': 0, 'y': 0, 'w': 306, 'h': 306}, 'face_confidence': 0}]",
924323_625159820900977_208143279_a.jpg,"[{'race': {'asian': 0.48151235096156597, 'indian': 2.387087233364582, 'black': 0.5614568945020437, 'white': 51.71096324920654, 'middle eastern': 28.2022625207901, 'latino hispanic': 16.656722128391266}, 'dominant_race': 'white', 'region': {'x': 0, 'y': 0, 'w': 306, 'h': 306}, 'face_confidence': 0}]",
924323_850208258338422_327341779_a.jpg,"[{'race': {'asian': 45.90514898300171, 'indian': 19.754397869110107, 'black': 1.4804950915277004, 'white': 6.091364100575447, 'middle eastern': 0.08568648481741548, 'latino hispanic': 26.682913303375244}, 'dominant_race': 'asian', 'region': {'x': 0, 'y': 0, 'w': 306, 'h': 306}, 'face_confidence': 0}]",
924324_1409744455956811_1409219561_a.jpg,"[{'race': {'asian': 3.478602319955826, 'indian': 10.706569254398346, 'black': 1.4883373863995075, 'white': 22.030387818813324, 'middle eastern': 34.96859669685364, 'latino hispanic': 27.327507734298706}, 'dominant_race': 'middle eastern', 'region': {'x': 26, 'y': 42, 'w': 206, 'h': 206}, 'face_confidence': 6.36249301180942}]",
924324_1434030556845076_1102148094_a.jpg,"[{'race': {'asian': 0.8972915820777416, 'indian': 7.628348469734192, 'black': 0.607158150523901, 'white': 25.894111394882202, 'middle eastern': 49.34527575969696, 'latino hispanic': 15.627816319465637}, 'dominant_race': 'middle eastern', 'region': {'x': 89, 'y': 44, 'w': 115, 'h': 115}, 'face_confidence': 4.620496991032269}]",
924324_1455388668031087_52107811_a.jpg,"[{'race': {'asian': 11.01164287398117, 'indian': 0.00580915619203448, 'black': 0.000365741901959392, 'white': 85.90151583561395, 'middle eastern': 0.06785926929953809, 'latino hispanic': 3.012808964419899}, 'dominant_race': 'white', 'region': {'x': 0, 'y': 0, 'w': 306, 'h': 306}, 'face_confidence': 0}]",
924324_1460321777535821_846580240_a.jpg,"[{'race': {'asian': 0.00047941410359170065, 'indian': 0.0062169932857040035, 'black': 2.090640247854207e-05, 'white': 92.70347313305575, 'middle eastern': 4.931177492807954, 'latino hispanic': 2.3586339791795004}, 'dominant_race': 'white', 'region': {'x': 119, 'y': 51, 'w': 132, 'h': 132}, 'face_confidence': 5.744783044909127}]",
924324_251588311691897_445028395_a.jpg,"[{'race': {'asian': 35.556310415267944, 'indian': 8.457408845424652, 'black': 10.07542759180069, 'white': 16.067449748516083, 'middle eastern': 9.734773635864258, 'latino hispanic': 20.10863423347473}, 'dominant_race': 'asian', 'region': {'x': 0, 'y': 0, 'w': 306, 'h': 306}, 'face_confidence': 0}]",
924324_325932504198707_1806286100_a.jpg,"[{'race': {'asian': 9.707770829466483, 'indian': 6.796277249303192, 'black': 3.471028391000224, 'white': 31.021552560144357, 'middle eastern': 34.07304774844077, 'latino hispanic': 14.930318006239174}, 'dominant_race': 'middle eastern', 'region': {'x': 0, 'y': 0, 'w': 306, 'h': 306}, 'face_confidence': 0}]",
924324_530625160392529_1993142966_a.jpg,"[{'race': {'asian': 0.04541668458841741, 'indian': 1.149690334045772e-05, 'black': 1.245218816947613e-07, 'white': 99.78901743888855, 'middle eastern': 0.02009946183534339, 'latino hispanic': 0.14545248122885823}, 'dominant_race': 'white', 'region': {'x': 0, 'y': 0, 'w': 306, 'h': 306}, 'face_confidence': 0}]",
924324_621408111278839_206772759_a.jpg,"[{'race': {'asian': 1.745639555156231, 'indian': 1.8325747922062874, 'black': 0.831232313066721, 'white': 60.473644733428955, 'middle eastern': 15.321879088878632, 'latino hispanic': 19.79503333568573}, 'dominant_race': 'white', 'region': {'x': 0, 'y': 0, 'w': 306, 'h': 306}, 'face_confidence': 0}]",
924324_629466507123316_1315405780_a.jpg,"[{'race': {'asian': 99.99997019767584, 'indian': 1.3828571924962899e-09, 'black': 3.809182200797442e-11, 'white': 2.610119032164458e-06, 'middle eastern': 3.642718288751011e-09, 'latino hispanic': 3.104372197820463e-05}, 'dominant_race': 'asian', 'region': {'x': 0, 'y': 0, 'w': 306, 'h': 306}, 'face_confidence': 0}]",
924324_681850938545714_503969355_a.jpg,"[{'race': {'asian': 95.03734111785889, 'indian': 0.304683530703187, 'black': 0.013587813009507954, 'white': 2.6781268417835236, 'middle eastern': 0.15392261557281017, 'latino hispanic': 1.8123440444469452}, 'dominant_race': 'asian', 'region': {'x': 0, 'y': 0, 'w': 306, 'h': 306}, 'face_confidence': 0}]",
924324_726425500711503_1875249079_a.jpg,"[{'race': {'asian': 2.6591993868350983, 'indian': 13.44911903142929, 'black': 0.3789116395637393, 'white': 14.438743889331818, 'middle eastern': 58.3997368812561, 'latino hispanic': 10.674287378787994}, 'dominant_race': 'middle eastern', 'region': {'x': 120, 'y': 33, 'w': 53, 'h': 53}, 'face_confidence': 5.425835175556131}]",
924325_1374259202857459_1077155284_a.jpg,"[{'race': {'asian': 50.00042915344238, 'indian': 0.09509805822744966, 'black': 0.013172502804081887, 'white': 42.86339581012726, 'middle eastern': 1.0550796054303646, 'latino hispanic': 5.972820520401001}, 'dominant_race': 'asian', 'region': {'x': 0, 'y': 0, 'w': 306, 'h': 306}, 'face_confidence': 0}]",
924325_1407993266138180_1429166753_a.jpg,"[{'race': {'asian': 13.869093358516693, 'indian': 5.5238377302885056, 'black': 1.7625531181693077, 'white': 26.814842224121094, 'middle eastern': 15.488460659980774, 'latino hispanic': 36.5412175655365}, 'dominant_race': 'latino hispanic', 'region': {'x': 83, 'y': 33, 'w': 159, 'h': 159}, 'face_confidence': 7.226504138612654}]",
924325_1458546664381666_1750420615_a.jpg,"[{'race': {'asian': 1.3285307213664055, 'indian': 0.013432341802399606, 'black': 0.0011672119399008807, 'white': 97.04145789146423, 'middle eastern': 0.4614128265529871, 'latino hispanic': 1.15400031208992}, 'dominant_race': 'white', 'region': {'x': 0, 'y': 0, 'w': 306, 'h': 306}, 'face_confidence': 0}]",
924325_1508991915995113_447982167_a.jpg,"[{'race': {'asian': 95.8473801612854, 'indian': 0.07388084777630866, 'black': 0.08402863750234246, 'white': 1.8405282869935036, 'middle eastern': 0.12292612809687853, 'latino hispanic': 2.031254395842552}, 'dominant_race': 'asian', 'region': {'x': 0, 'y': 0, 'w': 306, 'h': 306}, 'face_confidence': 0}]",
924325_242610435924596_1326794487_a.jpg,"[{'race': {'asian': 75.6417989730835, 'indian': 1.2031178830973488e-08, 'black': 1.2022540807866223e-14, 'white': 24.356545507907867, 'middle eastern': 0.0004996063580620103, 'latino hispanic': 0.0011596969670790713}, 'dominant_race': 'asian', 'region': {'x': 0, 'y': 0, 'w': 306, 'h': 306}, 'face_confidence': 0}]",
924325_248410215282653_1065058315_a.jpg,"[{'race': {'asian': 47.249025434371774, 'indian': 0.12937018968222264, 'black': 0.007472334091822836, 'white': 48.58364181713559, 'middle eastern': 1.3282937276907292, 'latino hispanic': 2.7021883559598496}, 'dominant_race': 'white', 'region': {'x': 0, 'y': 0, 'w': 306, 'h': 306}, 'face_confidence': 0}]",
924325_445013338965495_1616057528_a.jpg,"[{'race': {'asian': 1.2084533882494701, 'indian': 0.00017031256009139917, 'black': 5.227360143318902e-07, 'white': 98.23050520056424, 'middle eastern': 0.1877433047339851, 'latino hispanic': 0.3731233321504793}, 'dominant_race': 'white', 'region': {'x': 0, 'y': 0, 'w': 306, 'h': 306}, 'face_confidence': 0}]",
924325_497057727065083_764050068_a.jpg,"[{'race': {'asian': 0.019230683083425945, 'indian': 0.011249275064285476, 'black': 0.00017546577646437538, 'white': 92.65986041187408, 'middle eastern': 4.558428648616591, 'latino hispanic': 2.751059621635653}, 'dominant_race': 'white', 'region': {'x': 64, 'y': 39, 'w': 176, 'h': 176}, 'face_confidence': 7.001056968176272}]",
924325_556564861126036_1250927068_a.jpg,"[{'race': {'asian': 7.126123458147049, 'indian': 0.45677353627979755, 'black': 0.13509710552170873, 'white': 63.90247344970703, 'middle eastern': 4.1338954120874405, 'latino hispanic': 24.245640635490417}, 'dominant_race': 'white', 'region': {'x': 0, 'y': 0, 'w': 306, 'h': 306}, 'face_confidence': 0}]",
924325_610306779037480_1223830799_a.jpg,"[{'race': {'asian': 5.275861546397209, 'indian': 0.6381023209542036, 'black': 0.11832090094685555, 'white': 73.49652051925659, 'middle eastern': 11.251143366098404, 'latino hispanic': 9.220050275325775}, 'dominant_race': 'white', 'region': {'x': 0, 'y': 0, 'w': 306, 'h': 306}, 'face_confidence': 0}]",
924325_611514388932659_1159505772_a.jpg,"[{'race': {'asian': 8.49527046084404, 'indian': 5.229328200221062, 'black': 0.7625985890626907, 'white': 42.655572295188904, 'middle eastern': 18.314655125141144, 'latino hispanic': 24.54257607460022}, 'dominant_race': 'white', 'region': {'x': 0, 'y': 0, 'w': 306, 'h': 306}, 'face_confidence': 0}]",
924325_627521150659947_2089248515_a.jpg,"[{'race': {'asian': 11.773946222788545, 'indian': 5.589336980660321, 'black': 4.263274980989101, 'white': 36.73206427907177, 'middle eastern': 14.691824949762232, 'latino hispanic': 26.949545508677303}, 'dominant_race': 'white', 'region': {'x': 0, 'y': 0, 'w': 306, 'h': 306}, 'face_confidence': 0}]",
924326_1423908844533397_1814550861_a.jpg,"[{'race': {'asian': 0.5226018684418123, 'indian': 0.05247102548195574, 'black': 0.0018028972755516188, 'white': 94.0522786410021, 'middle eastern': 3.28326989908635, 'latino hispanic': 2.0875766255007164}, 'dominant_race': 'white', 'region': {'x': 23, 'y': 24, 'w': 256, 'h': 256}, 'face_confidence': 4.926519152882975}]",
924326_1424074624511860_1452416787_a.jpg,"[{'race': {'asian': 74.02138113975525, 'indian': 0.06274637416936457, 'black': 0.01957814092747867, 'white': 16.82209074497223, 'middle eastern': 0.1592339831404388, 'latino hispanic': 8.914967626333237}, 'dominant_race': 'asian', 'region': {'x': 0, 'y': 0, 'w': 306, 'h': 306}, 'face_confidence': 0}]",
924326_1485677341647305_1184464063_a.jpg,"[{'race': {'asian': 0.6959914229810238, 'indian': 2.5284267961978912, 'black': 0.417724484577775, 'white': 46.99739217758179, 'middle eastern': 22.974295914173126, 'latino hispanic': 26.386171579360962}, 'dominant_race': 'white', 'region': {'x': 34, 'y': 62, 'w': 192, 'h': 192}, 'face_confidence': 9.96111411502352}]",
924326_224768781054684_1223902472_a.jpg,"[{'race': {'asian': 1.21897766366601, 'indian': 2.4605808779597282, 'black': 0.3461850341409445, 'white': 43.46301555633545, 'middle eastern': 27.827540040016174, 'latino hispanic': 24.683699011802673}, 'dominant_race': 'white', 'region': {'x': 89, 'y': 103, 'w': 148, 'h': 148}, 'face_confidence': 6.800540987576824}]",
924326_260282927429483_193084194_a.jpg,"[{'race': {'asian': 0.018262055527884513, 'indian': 0.04569902375806123, 'black': 0.000919703597901389, 'white': 91.96339845657349, 'middle eastern': 6.221632286906242, 'latino hispanic': 1.750093512237072}, 'dominant_race': 'white', 'region': {'x': 0, 'y': 0, 'w': 306, 'h': 306}, 'face_confidence': 0}]",
924326_265722130274672_30793357_a.jpg,"[{'race': {'asian': 79.8507571220398, 'indian': 1.706385798752308, 'black': 0.3491608193144202, 'white': 5.10936826467514, 'middle eastern': 1.4884361997246742, 'latino hispanic': 11.495891958475113}, 'dominant_race': 'asian', 'region': {'x': 0, 'y': 0, 'w': 306, 'h': 306}, 'face_confidence': 0}]",
924326_275931745911479_405620760_a.jpg,"[{'race': {'asian': 16.32814802695203, 'indian': 9.07124111480958, 'black': 41.090997522532795, 'white': 6.12154751250431, 'middle eastern': 6.6987883567087865, 'latino hispanic': 20.689281564312076}, 'dominant_race': 'black', 'region': {'x': 72, 'y': 4, 'w': 193, 'h': 193}, 'face_confidence': 7.0425201376201585}]",
924326_299892573498260_2022901548_a.jpg,"[{'race': {'asian': 98.36619515821991, 'indian': 0.01583508667359958, 'black': 0.001344515952743318, 'white': 1.0048216873619928, 'middle eastern': 0.008643215976113785, 'latino hispanic': 0.6031578153332692}, 'dominant_race': 'asian', 'region': {'x': 104, 'y': 16, 'w': 111, 'h': 111}, 'face_confidence': 4.067429152724799}]",
924326_545036575595951_271722838_a.jpg,"[{'race': {'asian': 0.34756383392959833, 'indian': 5.0038788467645645, 'black': 93.99020671844482, 'white': 0.09302013204433024, 'middle eastern': 0.09863958694040775, 'latino hispanic': 0.46669174917042255}, 'dominant_race': 'black', 'region': {'x': 0, 'y': 0, 'w': 306, 'h': 306}, 'face_confidence': 0}]",
924326_608652512536873_550235069_a.jpg,"[{'race': {'asian': 0.0006296946594375186, 'indian': 0.017483670671936125, 'black': 0.00010979644002873101, 'white': 92.46732592582703, 'middle eastern': 6.092861294746399, 'latino hispanic': 1.4215928502380848}, 'dominant_race': 'white', 'region': {'x': 105, 'y': 79, 'w': 162, 'h': 162}, 'face_confidence': 7.854719197493978}]",
924326_703438706374676_1120899822_a.jpg,"[{'race': {'asian': 6.424874812364578, 'indian': 1.3225626200437546, 'black': 0.23100394755601883, 'white': 61.57459616661072, 'middle eastern': 18.88396143913269, 'latino hispanic': 11.563000828027725}, 'dominant_race': 'white', 'region': {'x': 129, 'y': 50, 'w': 56, 'h': 56}, 'face_confidence': 4.434519084112253}]",
924326_705660316143538_1430370914_a.jpg,"[{'race': {'asian': 100.0, 'indian': 1.0895858096476462e-18, 'black': 1.3849065790951573e-23, 'white': 2.0101396241978264e-09, 'middle eastern': 6.801378104920493e-14, 'latino hispanic': 8.475147666997529e-10}, 'dominant_race': 'asian', 'region': {'x': 0, 'y': 0, 'w': 306, 'h': 306}, 'face_confidence': 0}]",
924326_707575282626739_2096373202_a.jpg,"[{'race': {'asian': 99.8784601688385, 'indian': 0.00010499762765903142, 'black': 4.238771467157676e-06, 'white': 0.08966367458924651, 'middle eastern': 0.004586578506859951, 'latino hispanic': 0.02717609459068626}, 'dominant_race': 'asian', 'region': {'x': 0, 'y': 0, 'w': 306, 'h': 306}, 'face_confidence': 0}]",
924326_786636221349319_117158083_a.jpg,"[{'race': {'asian': 32.92666673660278, 'indian': 1.7090260982513428, 'black': 0.9576979093253613, 'white': 42.49430596828461, 'middle eastern': 8.845054358243942, 'latino hispanic': 13.067249953746796}, 'dominant_race': 'white', 'region': {'x': 0, 'y': 0, 'w': 306, 'h': 306}, 'face_confidence': 0}]",
924327_1387897881489800_1532401878_a.jpg,"[{'race': {'asian': 14.973909857999104, 'indian': 9.747208983038785, 'black': 4.171810174368599, 'white': 43.789369608238985, 'middle eastern': 4.477089482296767, 'latino hispanic': 22.840605933593995}, 'dominant_race': 'white', 'region': {'x': 0, 'y': 0, 'w': 306, 'h': 306}, 'face_confidence': 0}]",
924327_232621910271905_736015827_a.jpg,"[{'race': {'asian': 27.038927497799843, 'indian': 2.912403630459525, 'black': 1.302312857795528, 'white': 30.494569569502445, 'middle eastern': 8.59348229130997, 'latino hispanic': 29.658307412761893}, 'dominant_race': 'white', 'region': {'x': 25, 'y': 61, 'w': 168, 'h': 168}, 'face_confidence': 4.443811135075521}]",
924327_233404126862104_764008747_a.jpg,"[{'race': {'asian': 0.3007863522501168, 'indian': 0.2771808668233911, 'black': 0.018923177339912674, 'white': 74.00910568128756, 'middle eastern': 14.112898515117346, 'latino hispanic': 11.281097080576767}, 'dominant_race': 'white', 'region': {'x': 73, 'y': 52, 'w': 136, 'h': 136}, 'face_confidence': 5.763063093123492}]",
924327_240594439397672_1913128602_a.jpg,"[{'race': {'asian': 99.99898672103882, 'indian': 1.1954068781992554e-14, 'black': 9.29024640534205e-17, 'white': 0.0010156913049286231, 'middle eastern': 1.499123464254737e-08, 'latino hispanic': 4.3385797177109e-07}, 'dominant_race': 'asian', 'region': {'x': 0, 'y': 0, 'w': 306, 'h': 306}, 'face_confidence': 0}]",
924327_290995414391891_1226549271_a.jpg,"[{'race': {'asian': 0.008190736116375774, 'indian': 2.9020654037594795, 'black': 0.0024002058125915937, 'white': 4.193314537405968, 'middle eastern': 77.18960642814636, 'latino hispanic': 15.704427659511566}, 'dominant_race': 'middle eastern', 'region': {'x': 73, 'y': 41, 'w': 150, 'h': 150}, 'face_confidence': 9.722389991336968}]",
924327_447385132074508_702291531_a.jpg,"[{'race': {'asian': 6.029655784368515, 'indian': 7.83936083316803, 'black': 0.7659072056412697, 'white': 28.397414088249207, 'middle eastern': 41.7743057012558, 'latino hispanic': 15.193353593349457}, 'dominant_race': 'middle eastern', 'region': {'x': 0, 'y': 0, 'w': 306, 'h': 306}, 'face_confidence': 0}]",
924327_609432442481644_1381317280_a.jpg,"[{'race': {'asian': 6.674294468211883e-05, 'indian': 0.0013410996871243697, 'black': 1.6795263846347552e-06, 'white': 94.79494094848633, 'middle eastern': 3.9524171501398087, 'latino hispanic': 1.2512304820120335}, 'dominant_race': 'white', 'region': {'x': 0, 'y': 0, 'w': 306, 'h': 306}, 'face_confidence': 0}]",
924328_1390672131155349_1651398209_a.jpg,"[{'race': {'asian': 9.314505566031073, 'indian': 0.0023595313492789922, 'black': 0.0001477802899761892, 'white': 90.23555458996026, 'middle eastern': 0.2631261170283626, 'latino hispanic': 0.18430772404716755}, 'dominant_race': 'white', 'region': {'x': 67, 'y': 26, 'w': 85, 'h': 85}, 'face_confidence': 6.08850896981312}, {'race': {'asian': 3.536299243569374, 'indian': 8.80139172077179, 'black': 2.1282223984599113, 'white': 26.99211835861206, 'middle eastern': 26.92835032939911, 'latino hispanic': 31.61361515522003}, 'dominant_race': 'latino hispanic', 'region': {'x': 57, 'y': 31, 'w': 133, 'h': 133}, 'face_confidence': 0.5758210406056605}]",
924328_1410348599233289_1130286256_a.jpg,"[{'race': {'asian': 56.86013698577881, 'indian': 3.788597509264946, 'black': 8.370468020439148, 'white': 16.267116367816925, 'middle eastern': 4.461434856057167, 'latino hispanic': 10.252248495817184}, 'dominant_race': 'asian', 'region': {'x': 0, 'y': 0, 'w': 306, 'h': 306}, 'face_confidence': 0}]",
924328_1423630277890225_1985651505_a.jpg,"[{'race': {'asian': 4.615141451358795, 'indian': 0.5580458790063858, 'black': 0.06894890684634447, 'white': 57.5683057308197, 'middle eastern': 5.644387751817703, 'latino hispanic': 31.54517412185669}, 'dominant_race': 'white', 'region': {'x': 0, 'y': 0, 'w': 306, 'h': 306}, 'face_confidence': 0}]",
924328_1424025637846715_852155129_a.jpg,"[{'race': {'asian': 12.043338241776123, 'indian': 0.4266836934795197, 'black': 0.11168915745625839, 'white': 75.65036270918624, 'middle eastern': 4.641663187245321, 'latino hispanic': 7.126261718646391}, 'dominant_race': 'white', 'region': {'x': 65, 'y': 16, 'w': 41, 'h': 41}, 'face_confidence': 8.075539041718002}]",
924328_1425441964372578_2028269778_a.jpg,"[{'race': {'asian': 9.471133351325989, 'indian': 7.88925364613533, 'black': 3.2734159380197525, 'white': 27.209901809692383, 'middle eastern': 16.945630311965942, 'latino hispanic': 35.21066606044769}, 'dominant_race': 'latino hispanic', 'region': {'x': 105, 'y': 26, 'w': 145, 'h': 145}, 'face_confidence': 8.479169126076158}]",
924328_1440001929573551_1691641240_a.jpg,"[{'race': {'asian': 5.78545780172135e-05, 'indian': 2.414795119420887e-06, 'black': 2.0338937478658892e-08, 'white': 99.88295435905457, 'middle eastern': 0.026949369930662215, 'latino hispanic': 0.09004171588458121}, 'dominant_race': 'white', 'region': {'x': 109, 'y': 38, 'w': 117, 'h': 117}, 'face_confidence': 7.359704141214024}]",
924328_1441357646104311_744318999_a.jpg,"[{'race': {'asian': 7.969899475574493, 'indian': 11.615271866321564, 'black': 3.3069416880607605, 'white': 22.362342476844788, 'middle eastern': 31.15921914577484, 'latino hispanic': 23.586325347423553}, 'dominant_race': 'middle eastern', 'region': {'x': 79, 'y': 54, 'w': 167, 'h': 167}, 'face_confidence': 7.357339980488177}]",
924328_1490238641195795_1656968564_a.jpg,"[{'race': {'asian': 0.20846454426646233, 'indian': 13.183771073818207, 'black': 0.33662624191492796, 'white': 12.305444478988647, 'middle eastern': 62.00190186500549, 'latino hispanic': 11.963792890310287}, 'dominant_race': 'middle eastern', 'region': {'x': 118, 'y': 39, 'w': 83, 'h': 83}, 'face_confidence': 7.5290440724929795}]",
924328_226293164234444_133070777_a.jpg,"[{'race': {'asian': 0.6295355968177319, 'indian': 0.20197827834635973, 'black': 2.177954465150833, 'white': 64.33013081550598, 'middle eastern': 12.603314220905304, 'latino hispanic': 20.057088136672974}, 'dominant_race': 'white', 'region': {'x': 0, 'y': 0, 'w': 306, 'h': 306}, 'face_confidence': 0}]",
924328_235304363328006_926486266_a.jpg,"[{'race': {'asian': 1.5662441030144691, 'indian': 1.0218660347163677, 'black': 0.24760921951383352, 'white': 57.0512056350708, 'middle eastern': 13.729873299598694, 'latino hispanic': 26.38319730758667}, 'dominant_race': 'white', 'region': {'x': 99, 'y': 122, 'w': 122, 'h': 122}, 'face_confidence': 9.527826106525026}]",
924328_239972056206002_1215636934_a.jpg,"[{'race': {'asian': 0.3984937444329262, 'indian': 2.0159130915999413, 'black': 0.15467075863853097, 'white': 53.63319516181946, 'middle eastern': 27.118471264839172, 'latino hispanic': 16.679252684116364}, 'dominant_race': 'white', 'region': {'x': 0, 'y': 0, 'w': 306, 'h': 306}, 'face_confidence': 0}]",
924328_287763308054727_1321797882_a.jpg,"[{'race': {'asian': 9.879767894744873, 'indian': 6.960056722164154, 'black': 24.335552752017975, 'white': 20.766042172908783, 'middle eastern': 11.514274775981903, 'latino hispanic': 26.54430866241455}, 'dominant_race': 'latino hispanic', 'region': {'x': 0, 'y': 0, 'w': 306, 'h': 306}, 'face_confidence': 0}]",
924328_476689279123129_314272564_a.jpg,"[{'race': {'asian': 1.5764504671096802, 'indian': 0.25064691435545683, 'black': 0.05663601914420724, 'white': 76.4396071434021, 'middle eastern': 6.900236010551453, 'latino hispanic': 14.77641761302948}, 'dominant_race': 'white', 'region': {'x': 109, 'y': 119, 'w': 118, 'h': 118}, 'face_confidence': 6.350667064485606}]",
924328_677643948962769_1467101847_a.jpg,"[{'race': {'asian': 26.14903151988983, 'indian': 0.07267229375429451, 'black': 0.06430495996028185, 'white': 67.16158986091614, 'middle eastern': 1.2008965946733952, 'latino hispanic': 5.35150021314621}, 'dominant_race': 'white', 'region': {'x': 0, 'y': 0, 'w': 306, 'h': 306}, 'face_confidence': 0}]",
924329_1390561754499643_1909749192_a.jpg,"[{'race': {'asian': 1.0672450996935368, 'indian': 1.285983994603157, 'black': 34.41976606845856, 'white': 0.31594494357705116, 'middle eastern': 0.0372548820450902, 'latino hispanic': 62.87379860877991}, 'dominant_race': 'latino hispanic', 'region': {'x': 0, 'y': 0, 'w': 306, 'h': 306}, 'face_confidence': 0}]",
924329_1430961057152206_568712377_a.jpg,"[{'race': {'asian': 39.73662853240967, 'indian': 2.7212515473365784, 'black': 2.243243530392647, 'white': 26.006299257278442, 'middle eastern': 23.61326515674591, 'latino hispanic': 5.679312348365784}, 'dominant_race': 'asian', 'region': {'x': 0, 'y': 0, 'w': 306, 'h': 306}, 'face_confidence': 0}]",
924329_1459721137597242_247049198_a.jpg,"[{'race': {'asian': 92.84094486724673, 'indian': 1.5774635615901424, 'black': 0.024839481971649167, 'white': 1.4273130173758288, 'middle eastern': 0.05670943158567626, 'latino hispanic': 4.072736689178549}, 'dominant_race': 'asian', 'region': {'x': 99, 'y': 47, 'w': 167, 'h': 167}, 'face_confidence': 4.315849099715706}]",
924329_267816353397480_856120581_a.jpg,"[{'race': {'asian': 99.99999403953517, 'indian': 4.111878305351519e-08, 'black': 1.7929081597906338e-10, 'white': 8.846914129018264e-06, 'middle eastern': 2.1465927538203653e-09, 'latino hispanic': 1.6241073454921197e-06}, 'dominant_race': 'asian', 'region': {'x': 0, 'y': 0, 'w': 306, 'h': 306}, 'face_confidence': 0}]",
924329_287782168053998_1221381193_a.jpg,"[{'race': {'asian': 1.7609951525251546e-05, 'indian': 2.693916361793984e-06, 'black': 7.532917100561595e-09, 'white': 99.95622634626784, 'middle eastern': 0.011917540524362207, 'latino hispanic': 0.031841906172113486}, 'dominant_race': 'white', 'region': {'x': 34, 'y': 74, 'w': 214, 'h': 214}, 'face_confidence': 8.384033075650223}]",
924329_373486276122402_1401302881_a.jpg,"[{'race': {'asian': 1.378484908491373, 'indian': 3.3697493374347687, 'black': 0.7040385622531176, 'white': 49.45076406002045, 'middle eastern': 23.989170789718628, 'latino hispanic': 21.10779881477356}, 'dominant_race': 'white', 'region': {'x': 0, 'y': 0, 'w': 306, 'h': 306}, 'face_confidence': 0}]",
924329_485157454919108_907127648_a.jpg,"[{'race': {'asian': 0.16789951222842786, 'indian': 0.049497897191223834, 'black': 0.005813859423111187, 'white': 91.97446203536248, 'middle eastern': 2.7693020603892733, 'latino hispanic': 5.0330167224387266}, 'dominant_race': 'white', 'region': {'x': 49, 'y': 64, 'w': 193, 'h': 193}, 'face_confidence': 10.352053158392664}]",
924329_504580839646319_1881841156_a.jpg,"[{'race': {'asian': 1.5385220744324968, 'indian': 1.5262463108447974, 'black': 1.3996337443371858, 'white': 69.24031193496656, 'middle eastern': 12.34804390955233, 'latino hispanic': 13.947243329718312}, 'dominant_race': 'white', 'region': {'x': 0, 'y': 0, 'w': 306, 'h': 306}, 'face_confidence': 0}]",
924329_514722458634542_469611303_a.jpg,"[{'race': {'asian': 1.1162612321234484, 'indian': 1.0908243896558516, 'black': 0.1122867639049449, 'white': 59.205374670349045, 'middle eastern': 17.574119125254104, 'latino hispanic': 20.901134365864657}, 'dominant_race': 'white', 'region': {'x': 60, 'y': 40, 'w': 134, 'h': 134}, 'face_confidence': 2.9029181410442106}]",
924329_588212647952881_780642490_a.jpg,"[{'race': {'asian': 91.07405053686493, 'indian': 0.5883979840996284, 'black': 0.05576945758565276, 'white': 0.9206802418017099, 'middle eastern': 0.028015617433936307, 'latino hispanic': 7.3330766161588885}, 'dominant_race': 'asian', 'region': {'x': 65, 'y': 48, 'w': 94, 'h': 94}, 'face_confidence': 7.196011213527527}]",
924329_605455512874657_1250487090_a.jpg,"[{'race': {'asian': 5.942526087164879, 'indian': 0.03442763991188258, 'black': 1.2180513702332973, 'white': 87.02381253242493, 'middle eastern': 3.560289368033409, 'latino hispanic': 2.2209007292985916}, 'dominant_race': 'white', 'region': {'x': 0, 'y': 0, 'w': 306, 'h': 306}, 'face_confidence': 0}]",
924329_638871252851891_1586298283_a.jpg,"[{'race': {'asian': 39.81165527174802, 'indian': 5.3928475316076, 'black': 0.7172712552411112, 'white': 24.915210897637063, 'middle eastern': 6.3159901688093045, 'latino hispanic': 22.847029438437787}, 'dominant_race': 'asian', 'region': {'x': 58, 'y': 12, 'w': 168, 'h': 168}, 'face_confidence': 11.603756978118327}]",
924329_640449819357616_239020306_a.jpg,"[{'race': {'asian': 19.33111663646201, 'indian': 7.311000365674517, 'black': 2.6571992505907565, 'white': 27.90964412150646, 'middle eastern': 23.286558585557852, 'latino hispanic': 19.504484206705346}, 'dominant_race': 'white', 'region': {'x': 0, 'y': 0, 'w': 306, 'h': 306}, 'face_confidence': 0}]",
924329_679823875410219_104446619_a.jpg,"[{'race': {'asian': 47.020548582077026, 'indian': 1.1066940613090992, 'black': 0.747063709422946, 'white': 17.0812726020813, 'middle eastern': 0.9367039427161217, 'latino hispanic': 33.10771584510803}, 'dominant_race': 'asian', 'region': {'x': 0, 'y': 0, 'w': 306, 'h': 306}, 'face_confidence': 0}]",
924329_743636645677006_1899979280_a.jpg,"[{'race': {'asian': 1.7652353271842003, 'indian': 2.35458891838789, 'black': 0.3947251010686159, 'white': 55.465418100357056, 'middle eastern': 21.454958617687225, 'latino hispanic': 18.56507509946823}, 'dominant_race': 'white', 'region': {'x': 77, 'y': 10, 'w': 102, 'h': 102}, 'face_confidence': 4.752298196894117}]",
924329_804068339620678_356383911_a.jpg,"[{'race': {'asian': 16.768334805965424, 'indian': 6.524495780467987, 'black': 16.971442103385925, 'white': 30.85123598575592, 'middle eastern': 15.867821872234344, 'latino hispanic': 13.0166694521904}, 'dominant_race': 'white', 'region': {'x': 0, 'y': 0, 'w': 306, 'h': 306}, 'face_confidence': 0}]",
924330_1407895696148830_404485472_a.jpg,"[{'race': {'asian': 30.492118000984192, 'indian': 5.228380486369133, 'black': 4.111910238862038, 'white': 28.251153230667114, 'middle eastern': 10.793016105890274, 'latino hispanic': 21.123427152633667}, 'dominant_race': 'asian', 'region': {'x': 0, 'y': 0, 'w': 306, 'h': 306}, 'face_confidence': 0}]",
924330_1411190749145241_1021952684_a.jpg,"[{'race': {'asian': 78.96138429641724, 'indian': 0.35548212472349405, 'black': 0.1011006417684257, 'white': 15.187746286392212, 'middle eastern': 1.4478187076747417, 'latino hispanic': 3.9464712142944336}, 'dominant_race': 'asian', 'region': {'x': 117, 'y': 50, 'w': 114, 'h': 114}, 'face_confidence': 2.8640120538766496}]",
924330_1420475104878159_610663441_a.jpg,"[{'race': {'asian': 51.359424076046, 'indian': 5.748796433138635, 'black': 1.711657559076402, 'white': 4.412501195818257, 'middle eastern': 2.0885018014014842, 'latino hispanic': 34.67912284607427}, 'dominant_race': 'asian', 'region': {'x': 66, 'y': 53, 'w': 141, 'h': 141}, 'face_confidence': 7.840307047998067}]",
924330_1486000654948995_588571292_a.jpg,"[{'race': {'asian': 99.97690320014954, 'indian': 3.6362574062920316e-08, 'black': 9.740451778483816e-08, 'white': 0.02086946915369481, 'middle eastern': 6.0772492815885926e-05, 'latino hispanic': 0.0021668294721166603}, 'dominant_race': 'asian', 'region': {'x': 0, 'y': 0, 'w': 306, 'h': 306}, 'face_confidence': 0}]",
924330_236049389852046_1219306433_a.jpg,"[{'race': {'asian': 3.167514130473137, 'indian': 4.08509336411953, 'black': 1.923360489308834, 'white': 62.94931769371033, 'middle eastern': 14.461992681026459, 'latino hispanic': 13.412725925445557}, 'dominant_race': 'white', 'region': {'x': 0, 'y': 0, 'w': 306, 'h': 306}, 'face_confidence': 0}]",
924330_241936792677803_607442802_a.jpg,"[{'race': {'asian': 17.35970675945282, 'indian': 13.028043508529663, 'black': 26.98274254798889, 'white': 8.973647654056549, 'middle eastern': 7.545439153909683, 'latino hispanic': 26.110419631004333}, 'dominant_race': 'black', 'region': {'x': 71, 'y': 99, 'w': 193, 'h': 193}, 'face_confidence': 5.202723083959427}]",
924330_243483432442793_1737419225_a.jpg,"[{'race': {'asian': 2.746637538075447, 'indian': 5.597181990742683, 'black': 1.0292156599462032, 'white': 31.928136944770813, 'middle eastern': 21.068371832370758, 'latino hispanic': 37.63045370578766}, 'dominant_race': 'latino hispanic', 'region': {'x': 89, 'y': 115, 'w': 157, 'h': 157}, 'face_confidence': 6.82049297838239}]",
924330_285313098298001_43155185_a.jpg,"[{'race': {'asian': 10.459443926811218, 'indian': 18.054448068141937, 'black': 9.04463306069374, 'white': 17.027010023593903, 'middle eastern': 19.843046367168427, 'latino hispanic': 25.571414828300476}, 'dominant_race': 'latino hispanic', 'region': {'x': 56, 'y': 42, 'w': 97, 'h': 97}, 'face_confidence': 7.860108100692742}]",
924330_287107611447310_711268697_a.jpg,"[{'race': {'asian': 0.9753746911883354, 'indian': 0.17237791325896978, 'black': 0.01685506576905027, 'white': 80.4570198059082, 'middle eastern': 7.317017763853073, 'latino hispanic': 11.061356961727142}, 'dominant_race': 'white', 'region': {'x': 91, 'y': 154, 'w': 144, 'h': 144}, 'face_confidence': 6.6153480896609835}]",
924330_539328252853719_1416917477_a.jpg,"[{'race': {'asian': 3.9724551141262054, 'indian': 1.3482931070029736, 'black': 0.21297794301062822, 'white': 63.64414095878601, 'middle eastern': 24.386365711688995, 'latino hispanic': 6.435766816139221}, 'dominant_race': 'white', 'region': {'x': 0, 'y': 0, 'w': 306, 'h': 306}, 'face_confidence': 0}]",
924330_601507646597649_359703280_a.jpg,"[{'race': {'asian': 0.0004056020742036025, 'indian': 0.0013240322245623686, 'black': 2.3511067621127355e-05, 'white': 97.12780748274237, 'middle eastern': 0.6787972646895332, 'latino hispanic': 2.191640175385454}, 'dominant_race': 'white', 'region': {'x': 123, 'y': 85, 'w': 162, 'h': 162}, 'face_confidence': 6.669825070013758}]",
924330_642565709148077_753378531_a.jpg,"[{'race': {'asian': 71.7733085155487, 'indian': 0.011734879808500409, 'black': 0.01176027872134, 'white': 20.10694593191147, 'middle eastern': 0.0785196665674448, 'latino hispanic': 8.017727732658386}, 'dominant_race': 'asian', 'region': {'x': 0, 'y': 0, 'w': 306, 'h': 306}, 'face_confidence': 0}]",
924330_680051825389745_117475306_a.jpg,"[{'race': {'asian': 31.285672264437213, 'indian': 0.938662290642398, 'black': 0.8778903225296928, 'white': 20.46980234800591, 'middle eastern': 2.858326195676696, 'latino hispanic': 43.569644902327354}, 'dominant_race': 'latino hispanic', 'region': {'x': 0, 'y': 0, 'w': 306, 'h': 306}, 'face_confidence': 0}]",
924330_780618038618047_1313331900_a.jpg,"[{'race': {'asian': 7.08291083574295, 'indian': 5.011188983917236, 'black': 8.564252406358719, 'white': 41.23622179031372, 'middle eastern': 25.731903314590454, 'latino hispanic': 12.373525649309158}, 'dominant_race': 'white', 'region': {'x': 0, 'y': 0, 'w': 306, 'h': 306}, 'face_confidence': 0}]",
924331_126956797504272_1682494220_a.jpg,"[{'race': {'asian': 0.7529398892074823, 'indian': 0.08666288922540843, 'black': 99.03822541236877, 'white': 0.0003992876827396685, 'middle eastern': 0.0004924957011098741, 'latino hispanic': 0.12128041125833988}, 'dominant_race': 'black', 'region': {'x': 0, 'y': 0, 'w': 306, 'h': 306}, 'face_confidence': 0}]",
924331_1403063449968232_906677750_a.jpg,"[{'race': {'asian': 1.6095996697467283e-15, 'indian': 1.4338155177730844e-15, 'black': 6.596855757015698e-20, 'white': 100.0, 'middle eastern': 2.339798932382564e-06, 'latino hispanic': 5.789663859445682e-07}, 'dominant_race': 'white', 'region': {'x': 74, 'y': 31, 'w': 187, 'h': 187}, 'face_confidence': 6.241324134112801}]",
924331_1404525733153275_1635147806_a.jpg,"[{'race': {'asian': 0.4399032797664404, 'indian': 0.7513161282986403, 'black': 0.06970901740714908, 'white': 64.56817984580994, 'middle eastern': 16.516999900341034, 'latino hispanic': 17.653891444206238}, 'dominant_race': 'white', 'region': {'x': 73, 'y': 35, 'w': 75, 'h': 75}, 'face_confidence': 9.769973194343038}]",
924331_1406504156288282_1190492980_a.jpg,"[{'race': {'asian': 0.000757179031663768, 'indian': 0.001010910697233197, 'black': 2.4459710382863323e-05, 'white': 96.94351535698863, 'middle eastern': 1.3612479782848346, 'latino hispanic': 1.6934479664831141}, 'dominant_race': 'white', 'region': {'x': 55, 'y': 85, 'w': 160, 'h': 160}, 'face_confidence': 3.867457009560894}]",
924331_1412005759063139_2000489870_a.jpg,"[{'race': {'asian': 42.74375140666962, 'indian': 4.106772318482399, 'black': 2.604924887418747, 'white': 26.737922430038452, 'middle eastern': 10.607801377773285, 'latino hispanic': 13.198825716972351}, 'dominant_race': 'asian', 'region': {'x': 0, 'y': 0, 'w': 306, 'h': 306}, 'face_confidence': 0}]",
924331_1423646907886911_1195651847_a.jpg,"[{'race': {'asian': 8.837533371774953e-07, 'indian': 2.3120458436665103e-06, 'black': 1.4830749475724936e-09, 'white': 99.83934760093689, 'middle eastern': 0.08990135393105447, 'latino hispanic': 0.0707502942532301}, 'dominant_race': 'white', 'region': {'x': 98, 'y': 94, 'w': 140, 'h': 140}, 'face_confidence': 5.033205101906788}]",
924331_1470192646544040_1135292996_a.jpg,"[{'race': {'asian': 6.61034882068634, 'indian': 0.5244536325335503, 'black': 0.03746001166291535, 'white': 74.81582760810852, 'middle eastern': 7.07361176609993, 'latino hispanic': 10.93830019235611}, 'dominant_race': 'white', 'region': {'x': 0, 'y': 0, 'w': 306, 'h': 306}, 'face_confidence': 0}]",
924331_1474178066133994_1263131932_a.jpg,"[{'race': {'asian': 0.009777538798516616, 'indian': 0.007364639168372378, 'black': 0.00011029158031305997, 'white': 99.40458536148071, 'middle eastern': 0.2569355070590973, 'latino hispanic': 0.32122484408318996}, 'dominant_race': 'white', 'region': {'x': 104, 'y': 54, 'w': 64, 'h': 64}, 'face_confidence': 4.764041986840311}, {'race': {'asian': 99.92948769682499, 'indian': 0.0028298556307298326, 'black': 2.550640003510113e-06, 'white': 0.004059070608519053, 'middle eastern': 5.445925693461161e-07, 'latino hispanic': 0.06362438029043439}, 'dominant_race': 'asian', 'region': {'x': 94, 'y': 50, 'w': 152, 'h': 152}, 'face_confidence': 6.17737917334307}]",
924331_227781204080847_732484064_a.jpg,"[{'race': {'asian': 27.259722352027893, 'indian': 4.525868222117424, 'black': 2.716323733329773, 'white': 27.37269699573517, 'middle eastern': 8.334304392337799, 'latino hispanic': 29.79108691215515}, 'dominant_race': 'latino hispanic', 'region': {'x': 86, 'y': 26, 'w': 130, 'h': 130}, 'face_confidence': 8.201179012598004}]",
924331_274477249343661_1813528838_a.jpg,"[{'race': {'asian': 11.422878503799438, 'indian': 0.34818530548363924, 'black': 0.029613621882162988, 'white': 73.31218123435974, 'middle eastern': 8.199232816696167, 'latino hispanic': 6.687906384468079}, 'dominant_race': 'white', 'region': {'x': 0, 'y': 0, 'w': 306, 'h': 306}, 'face_confidence': 0}]",
924331_282367088589471_802404888_a.jpg,"[{'race': {'asian': 4.407120123505592, 'indian': 17.273734509944916, 'black': 46.56658470630646, 'white': 4.605678841471672, 'middle eastern': 5.442238599061966, 'latino hispanic': 21.704649925231934}, 'dominant_race': 'black', 'region': {'x': 0, 'y': 0, 'w': 306, 'h': 306}, 'face_confidence': 0}]",
924331_299887080162994_1046814133_a.jpg,"[{'race': {'asian': 1.0967541486024857, 'indian': 2.1768296137452126, 'black': 0.4784174729138613, 'white': 42.38281548023224, 'middle eastern': 23.426859080791473, 'latino hispanic': 30.438324809074402}, 'dominant_race': 'white', 'region': {'x': 80, 'y': 49, 'w': 108, 'h': 108}, 'face_confidence': 8.755236089869868}]",
924331_311761708977172_1463660747_a.jpg,"[{'race': {'asian': 0.6785854819613121, 'indian': 3.900778201129651, 'black': 51.68086270322052, 'white': 8.341101307737672, 'middle eastern': 1.065649430823394, 'latino hispanic': 34.33301933610209}, 'dominant_race': 'black', 'region': {'x': 0, 'y': 0, 'w': 306, 'h': 306}, 'face_confidence': 0}]",
924331_480300965430049_1190573366_a.jpg,"[{'race': {'asian': 99.8761951849577, 'indian': 0.00013087335089668697, 'black': 5.418288363414782e-06, 'white': 0.09369153971435366, 'middle eastern': 0.0016925784720340951, 'latino hispanic': 0.028281890493855804}, 'dominant_race': 'asian', 'region': {'x': 0, 'y': 0, 'w': 306, 'h': 306}, 'face_confidence': 0}]",
924331_615877191829689_873896762_a.jpg,"[{'race': {'asian': 0.5518088582903147, 'indian': 0.485844723880291, 'black': 0.031942108762450516, 'white': 76.39676332473755, 'middle eastern': 6.935691088438034, 'latino hispanic': 15.597955882549286}, 'dominant_race': 'white', 'region': {'x': 44, 'y': 70, 'w': 227, 'h': 227}, 'face_confidence': 2.333205177623313}]",
924331_651297651574117_1269940684_a.jpg,"[{'race': {'asian': 15.834791958332062, 'indian': 3.769161179661751, 'black': 15.001226961612701, 'white': 27.29303240776062, 'middle eastern': 8.63233134150505, 'latino hispanic': 29.469457268714905}, 'dominant_race': 'latino hispanic', 'region': {'x': 0, 'y': 0, 'w': 306, 'h': 306}, 'face_confidence': 0}]",
924331_660833453964504_219366948_a.jpg,"[{'race': {'asian': 0.8221781812608242, 'indian': 0.40221610106527805, 'black': 0.1271234592422843, 'white': 89.84729647636414, 'middle eastern': 3.690347447991371, 'latino hispanic': 5.110836774110794}, 'dominant_race': 'white', 'region': {'x': 0, 'y': 0, 'w': 306, 'h': 306}, 'face_confidence': 0}]",
924331_718951728145123_1306984092_a.jpg,"[{'race': {'asian': 3.0730225145816803, 'indian': 12.08983063697815, 'black': 17.341364920139313, 'white': 25.55099129676819, 'middle eastern': 31.080543994903564, 'latino hispanic': 10.864246636629105}, 'dominant_race': 'middle eastern', 'region': {'x': 0, 'y': 0, 'w': 306, 'h': 306}, 'face_confidence': 0}]",
924331_753579701326952_1634432213_a.jpg,"[{'race': {'asian': 0.31994483433663845, 'indian': 0.3305424703285098, 'black': 84.55526828765869, 'white': 4.556925967335701, 'middle eastern': 0.6710188463330269, 'latino hispanic': 9.566305577754974}, 'dominant_race': 'black', 'region': {'x': 0, 'y': 0, 'w': 306, 'h': 306}, 'face_confidence': 0}]",
ems.jpg,"[{'race': {'asian': 1.809917390346527, 'indian': 0.01563948899274692, 'black': 0.003586121601983905, 'white': 93.52019429206848, 'middle eastern': 2.4650687351822853, 'latino hispanic': 2.185596711933613}, 'dominant_race': 'white', 'region': {'x': 0, 'y': 0, 'w': 1276, 'h': 716}, 'face_confidence': 0}]",
WIN_20231126_23_01_45_Pro.jpg,"[{'race': {'asian': 86.38630509376526, 'indian': 2.0049812272191048, 'black': 0.8602149784564972, 'white': 1.0267470963299274, 'middle eastern': 0.12287738500162959, 'latino hispanic': 9.598876535892487}, 'dominant_race': 'asian', 'region': {'x': 420, 'y': 136, 'w': 256, 'h': 256}, 'face_confidence': 2.338634109531995}]",
